USE tienda_electronica;

INSERT INTO Categorias (nombre, descripcion) VALUES
('Celulares Premium', 'Smartphones de gama alta y flagship de las principales marcas.'),
('Celulares Gama Media', 'Teléfonos inteligentes con excelente relación calidad-precio.'),
('Tablets', 'Dispositivos portátiles de pantalla grande para productividad y consumo multimedia.'),
('Audífonos True Wireless', 'Auriculares inalámbricos de botón (In-ear) con estuche de carga.'),
('Audífonos Over-Ear', 'Auriculares de diadema con cancelación activa de ruido (ANC).'),
('Relojes Inteligentes', 'Smartwatches enfocados en deporte, salud y notificaciones.'),
('Pulseras de Actividad', 'Smartbands accesibles para monitoreo físico diario.'),
('Cargadores y Energía', 'Adaptadores de carga rápida, cargadores inalámbricos y powerbanks.'),
('Fundas y Protección', 'Carcasas oficiales y protectores de pantalla para dispositivos.'),
('Laptops y Convertibles', 'Equipos portátiles premium y dispositivos 2 en 1.');

INSERT INTO Clientes (nombre, correo, telefono, direccion) VALUES
('Carlos Mendoza', 'carlos.mendoza@email.com', '5512345678', 'Av. Reforma 123, CDMX'),
('Ana Rodríguez', 'ana.rod@email.com', '5598765432', 'Calle Juárez 45, Guadalajara'),
('Sofía López', 'sofia.lopez@email.com', '8111223344', 'Col. Centro, Monterrey'),
('Sergio De Luis', 'sergio.deluis@email.com', '5544332211', 'Huixquilucan, Estado de México'),
('Andrea Sánchez', 'andrea.sanchez@email.com', '5566778899', 'El Pedregal, CDMX'),
('Luis Fernando Gómez', 'luis.gomez@email.com', '3344556677', 'Av. Vallarta 789, Guadalajara'),
('María Elena Cruz', 'maria.cruz@email.com', '2299887766', 'Boca del Río, Veracruz'),
('Alejandro Ruiz', 'alex.ruiz@email.com', '8188776655', 'San Pedro Garza García, NL'),
('Laura Flores', 'laura.flores@email.com', '5522446688', 'Coyoacán, CDMX'),
('Ricardo Morales', 'ricardo.m@email.com', '4422334455', 'Juriquilla, Querétaro'),
('Claudia Ortiz', 'claudia.o@email.com', '7771112233', 'Cuernavaca, Morelos'),
('Javier Herrera', 'javier.h@email.com', '9998887766', 'Mérida, Yucatán'),
('Gabriela Silva', 'gaby.silva@email.com', '6641112233', 'Tijuana, Baja California'),
('Daniel Castro', 'daniel.c@email.com', '4433221100', 'Morelia, Michoacán'),
('Patricia Méndez', 'paty.mendez@email.com', '2281112233', 'Pacho Nuevo, Veracruz'),
('Cliente Extra 16', 'extra16@email.com', '5511111111', 'Dirección 16'),
('Cliente Extra 17', 'extra17@email.com', '5522222222', 'Dirección 17'),
('Cliente Extra 18', 'extra18@email.com', '5533333333', 'Dirección 18'),
('Cliente Extra 19', 'extra19@email.com', '5544444444', 'Dirección 19'),
('Cliente Extra 20', 'extra20@email.com', '5555555555', 'Dirección 20');

INSERT INTO Productos (id_categoria, nombre, descripcion, precio, stock) VALUES
(1, 'Samsung Galaxy S25 FE', 'Pantalla Dynamic AMOLED 2X, 128GB, Ecosistema Galaxy.', 13499.00, 23),
(1, 'Apple iPhone 15 Pro', 'Chasis de titanio, chip A17 Pro, 256GB de almacenamiento.', 23999.00, 10),
(1, 'Google Pixel 8 Pro', 'Cámara avanzada con IA de Google, 128GB, Android Puro.', 17499.00, 8),
(2, 'Xiaomi Redmi Note 13 Pro', 'Cámara de 200MP, carga rápida de 67W, 256GB.', 6499.00, 30),
(2, 'Motorola Edge 50 Neo', 'Pantalla pOLED, diseño estilizado, 256GB de almacenamiento.', 7999.00, 15),
(3, 'Apple iPad Air M2', 'Pantalla Liquid Retina de 11 pulgadas, 128GB, Wi-Fi.', 12999.00, 12),
(3, 'Huawei MatePad Pro 12.2', 'Pantalla Tandem OLED PaperMatte, ideal para diseño.', 19999.00, 7),
(4, 'OnePlus Buds Pro 3', 'Cancelación de ruido adaptativa dual, co-diseñados con Dynaudio.', 2999.00, 40),
(4, 'Oppo Enco X3', 'Audio de alta resolución, cancelación activa de ruido profunda.', 2499.00, 35),
(5, 'Sony WH-1000XM5', 'Audífonos premium de diadema con la mejor cancelación de ruido.', 6999.00, 20),
(6, 'Samsung Galaxy Watch 7', 'Monitoreo avanzado de salud, composition corporal y GPS dual.', 5499.00, 18),
(6, 'Honor Watch 4', 'Pantalla AMOLED de 1.75 pulgadas, batería de hasta 14 días.', 2199.00, 22),
(7, 'Xiaomi Smart Band 9', 'Pantalla AMOLED a 60Hz, monitoreo de ritmo cardíaco y sueño.', 899.00, 100),
(10, 'Lenovo ThinkPad X13 2-in-1', 'Intel Core Ultra 5, 32GB RAM, convertible ideal para desarrollo.', 24999.00, 14),
(10, 'Huawei MateBook X Pro', 'Ultra ligera, procesador Core Ultra 7, pantalla táctil 3.1K.', 31999.00, 5);

INSERT INTO Pedidos (id_pedido, id_cliente, fecha_pedido, estado) VALUES
(1, 1, '2026-07-01 10:00:00', 'entregado'),
(2, 2, '2026-07-02 11:15:00', 'entregado'),
(3, 3, '2026-07-03 14:30:00', 'enviado'),
(4, 4, '2026-07-04 09:00:00', 'entregado'),
(5, 5, '2026-07-04 16:45:00', 'entregado'),
(6, 6, '2026-07-05 12:20:00', 'pendiente'),
(7, 7, '2026-07-05 18:10:00', 'entregado'),
(8, 8, '2026-07-06 08:00:00', 'enviado'),
(9, 9, '2026-07-06 15:35:00', 'pendiente'),
(10, 10, '2026-07-07 11:40:00', 'entregado'),
(11, 11, '2026-07-07 19:50:00', 'entregado'),
(12, 12, '2026-07-08 10:05:00', 'enviado'),
(13, 13, '2026-07-08 14:15:00', 'pendiente'),
(14, 14, '2026-07-09 09:30:00', 'entregado'),
(15, 15, '2026-07-09 17:00:00', 'entregado'),
(16, 1, '2026-07-10 13:22:00', 'pendiente'),
(17, 4, '2026-07-10 15:40:00', 'entregado'),
(18, 7, '2026-07-11 08:12:00', 'pendiente'),
(19, 10, '2026-07-11 10:00:00', 'enviado'),
(20, 2, '2026-07-11 11:30:00', 'pendiente'),
(21, 1, '2026-07-11 10:19:33', 'pendiente');

INSERT INTO Detalles_Pedido (id_pedido, id_producto, cantidad, precio_unitario) VALUES
(1, 14, 1, 24999.00), (1, 1, 1, 13499.00),
(2, 6, 1, 12999.00),
(3, 2, 1, 23999.00), (3, 13, 2, 899.00),
(4, 11, 1, 5499.00), (4, 8, 1, 2999.00),
(5, 4, 1, 6499.00),
(6, 15, 1, 31999.00),
(7, 3, 1, 17499.00),
(8, 5, 1, 7999.00), (8, 12, 1, 2199.00),
(9, 9, 1, 2499.00),
(10, 13, 4, 899.00),
(11, 1, 1, 13499.00),
(12, 10, 1, 6999.00),
(13, 7, 1, 19999.00),
(14, 14, 1, 24999.00),
(15, 2, 1, 23999.00),
(16, 8, 1, 2999.00),
(17, 1, 1, 13499.00), (17, 11, 1, 5499.00),
(18, 3, 1, 17499.00),
(19, 6, 1, 12999.00),
(20, 12, 1, 2199.00),
(21, 1, 2, 13499.00);

INSERT INTO Reseñas (id_producto, id_cliente, calificacion, comentario, fecha) VALUES
(14, 1, 5, 'Excelente rendimiento en desarrollo. La pantalla táctil responde de maravilla.', '2026-07-03 12:00:00'),
(1, 1, 5, 'El Galaxy S25 FE va sumamente fluido, la cámara y el tamaño son perfectos.', '2026-07-03 12:05:00'),
(6, 2, 4, 'Excelente pantalla y muy ligera, el chip M2 responde de inmediato.', '2026-07-04 15:00:00'),
(2, 3, 5, 'El titanio se siente muy premium y las fotos de noche son espectaculares.', '2026-07-05 10:30:00'),
(11, 4, 5, 'Galaxy Watch 7 mide la composición corporal con precisión y el diseño es limpio.', '2026-07-06 09:00:00'),
(8, 4, 4, 'Muy buena cancelación de ruido, los graves se escuchan potentes.', '2026-07-06 09:15:00'),
(4, 5, 4, 'Por el precio que tiene, la cámara de 200MP y la carga rápida son imbatibles.', '2026-07-06 11:00:00'),
(3, 7, 5, 'Fotografía computacional pura. El software de Google no decepciona.', '2026-07-07 14:22:00'),
(5, 8, 4, 'El rendimiento del Edge 50 es muy balanceado y la pantalla pOLED destaca.', '2026-07-08 16:40:00'),
(12, 8, 4, 'Sencillo, cómodo y la batería dura semanas. Gran reloj de Honor.', '2026-07-08 16:45:00'),
(13, 10, 5, 'Increíble relación calidad-precio. La pantalla a 60Hz se nota muy suave.', '2026-07-09 13:00:00'),
(14, 14, 5, 'El teclado de la ThinkPad sigue siendo el mejor para escribir código.', '2026-07-10 11:10:00'),
(2, 15, 5, 'Cámara perfecta y excelente rendimiento con juegos pesados.', '2026-07-10 18:00:00'),
(1, 4, 5, 'Gran integración con el ecosistema de pantallas y la suite de Samsung.', '2026-07-11 09:00:00'),
(10, 12, 5, 'Cancelación de sonido de primer nivel, ideales para aislarse en la oficina.', '2026-07-09 15:30:00'),
(7, 13, 5, 'La pantalla Tandem OLED de Huawei es una locura de brillo y colores.', '2026-07-10 10:00:00'),
(9, 9, 4, 'Audio nítido y se conectan instantáneamente con mi teléfono Oppo.', '2026-07-10 10:15:00'),
(13, 11, 4, 'Cómoda y ligera, perfecta para llevar el registro de pasos diario.', '2026-07-09 11:00:00'),
(1, 17, 5, 'Una opción muy sólida y balanceada de Samsung.', '2026-07-11 11:00:00'),
(6, 19, 5, 'El complemento perfecto si ya usas una computadora Apple.', '2026-07-11 11:15:00'),
(1, 1, 5, 'Componentes premium y gran desempeño en Ubuntu.', '2026-07-11 10:20:43');
